Insertion Order ID,Insertion Order,Line Item ID,Line Item,Audience Segment ID,Audience Segment,Inventory Type,Advertiser,Impressions,Clicks,Media Cost (Advertiser Currency),CTR,CPM,CPC,Total Conversions,Date,platform
78000001,Holiday Prospecting - Top Sellers Display,88000001,Display Audience Activation,aud_1001,In-market - Apparel & Accessories,Display,Northstar Retail,19378,374,817.93,1.93,42.21,2.19,18,2024-11-01,dv360
78000001,Loyalty Cart Abandoners - Gift Guide Display,88000001,Display Audience Activation,aud_1002,Affinity - Fashionistas,Display,Northstar Retail,17376,66,927.83,0.38,53.40,14.06,3,2024-11-02,dv360
78000001,Evergreen Retargeting - Broad Video,88000002,Video Audience Activation,aud_1003,Custom Intent - Holiday Deals,Video,Northstar Retail,874660,13359,12633.06,1.53,14.44,0.95,779,2024-11-03,dv360
78000001,Evergreen Prospecting - Core Terms Video,88000002,Video Audience Activation,aud_1004,Remarketing - Site Visitors 30d,Video,Northstar Retail,273135,9663,9735.89,3.54,35.64,1.01,201,2024-11-04,dv360
78000001,Black Friday High Intent - Top Sellers Video,88000003,Video Audience Activation,aud_1005,Similar Audience - Purchasers,Video,Northstar Retail,948278,50140,51246.97,5.29,54.04,1.02,3081,2024-11-05,dv360
78000001,Evergreen Lookalike - Promo Push Video,88000003,Video Audience Activation,aud_1006,Demographic - Parents,Video,Northstar Retail,487625,31258,14449.09,6.41,29.63,0.46,1087,2024-11-06,dv360
78000001,New Arrivals Lookalike - Promo Push Display,88000004,Display Audience Activation,aud_1001,In-market - Apparel & Accessories,Display,Northstar Retail,381022,6852,18086.96,1.80,47.47,2.64,502,2024-11-07,dv360
78000001,New Arrivals Retargeting - Core Terms Video,88000004,Video Audience Activation,aud_1002,Affinity - Fashionistas,Video,Northstar Retail,341747,11855,10027.84,3.47,29.34,0.85,851,2024-11-08,dv360
78000001,Holiday Lookalike - Value Props Display,88000005,Display Audience Activation,aud_1003,Custom Intent - Holiday Deals,Display,Northstar Retail,41390,2301,488.22,5.56,11.80,0.21,57,2024-11-09,dv360
78000001,Loyalty Prospecting - Top Sellers Connected TV,88000005,Connected TV Audience Activation,aud_1004,Remarketing - Site Visitors 30d,Connected TV,Northstar Retail,868064,39571,29990.28,4.56,34.55,0.76,482,2024-11-10,dv360
78000001,Evergreen Lookalike - Gift Guide Display,88000006,Display Audience Activation,aud_1005,Similar Audience - Purchasers,Display,Northstar Retail,19049,227,967.43,1.19,50.79,4.26,3,2024-11-11,dv360
78000001,Holiday Retargeting - Gift Guide Display,88000006,Display Audience Activation,aud_1006,Demographic - Parents,Display,Northstar Retail,434364,18696,9079.53,4.30,20.90,0.49,161,2024-11-12,dv360
78000001,Evergreen Lapsed Customers - Value Props Video,88000007,Video Audience Activation,aud_1001,In-market - Apparel & Accessories,Video,Northstar Retail,409286,13843,9410.79,3.38,22.99,0.68,893,2024-11-13,dv360
78000001,Holiday Cart Abandoners - Core Terms Video,88000007,Video Audience Activation,aud_1002,Affinity - Fashionistas,Video,Northstar Retail,354080,15332,11057.29,4.33,31.23,0.72,130,2024-11-14,dv360
78000001,Black Friday Cart Abandoners - Promo Push Video,88000008,Video Audience Activation,aud_1003,Custom Intent - Holiday Deals,Video,Northstar Retail,300867,9839,15934.38,3.27,52.96,1.62,444,2024-11-15,dv360
78000001,Cyber Week Prospecting - Value Props Display,88000008,Display Audience Activation,aud_1004,Remarketing - Site Visitors 30d,Display,Northstar Retail,277581,8293,3461.88,2.99,12.47,0.42,534,2024-11-16,dv360
78000001,Holiday High Intent - Core Terms Connected TV,88000009,Connected TV Audience Activation,aud_1005,Similar Audience - Purchasers,Connected TV,Northstar Retail,890658,21088,39577.56,2.37,44.44,1.88,834,2024-11-17,dv360
78000001,New Arrivals High Intent - Value Props Display,88000009,Display Audience Activation,aud_1006,Demographic - Parents,Display,Northstar Retail,33913,2242,1772.60,6.61,52.27,0.79,175,2024-11-18,dv360
78000001,New Arrivals Lapsed Customers - Gift Guide Connected TV,88000010,Connected TV Audience Activation,aud_1001,In-market - Apparel & Accessories,Connected TV,Northstar Retail,110303,1424,1960.30,1.29,17.77,1.38,23,2024-11-19,dv360
78000001,Black Friday High Intent - Value Props Display,88000010,Display Audience Activation,aud_1002,Affinity - Fashionistas,Display,Northstar Retail,273069,7031,14813.53,2.57,54.25,2.11,422,2024-11-20,dv360
78000002,Evergreen Prospecting - Top Sellers Connected TV,88000011,Connected TV Audience Activation,aud_1003,Custom Intent - Holiday Deals,Connected TV,Northstar Retail,39635,1051,1129.15,2.65,28.49,1.07,26,2024-11-21,dv360
78000002,Holiday Lapsed Customers - Core Terms Video,88000011,Video Audience Activation,aud_1004,Remarketing - Site Visitors 30d,Video,Northstar Retail,703954,36764,10178.68,5.22,14.46,0.28,2013,2024-11-22,dv360
78000002,Holiday Lookalike - Top Sellers Display,88000012,Display Audience Activation,aud_1005,Similar Audience - Purchasers,Display,Northstar Retail,456369,6083,9910.44,1.33,21.72,1.63,183,2024-11-23,dv360
78000002,Holiday Lookalike - Value Props Connected TV,88000012,Connected TV Audience Activation,aud_1006,Demographic - Parents,Connected TV,Northstar Retail,86520,1590,4035.32,1.84,46.64,2.54,68,2024-11-24,dv360
78000002,New Arrivals Lapsed Customers - Broad Connected TV,88000013,Connected TV Audience Activation,aud_1001,In-market - Apparel & Accessories,Connected TV,Northstar Retail,798457,8730,12662.74,1.09,15.86,1.45,227,2024-11-25,dv360
78000002,Evergreen High Intent - Core Terms Video,88000013,Video Audience Activation,aud_1002,Affinity - Fashionistas,Video,Northstar Retail,76219,1564,3024.74,2.05,39.68,1.93,109,2024-11-26,dv360
78000002,Evergreen Lookalike - Core Terms Video,88000014,Video Audience Activation,aud_1003,Custom Intent - Holiday Deals,Video,Northstar Retail,48542,1816,1402.49,3.74,28.89,0.77,120,2024-11-27,dv360
78000002,Cyber Week High Intent - Gift Guide Display,88000014,Display Audience Activation,aud_1004,Remarketing - Site Visitors 30d,Display,Northstar Retail,647748,10231,20820.70,1.58,32.14,2.04,625,2024-11-28,dv360
78000002,New Arrivals Lapsed Customers - Gift Guide Video,88000015,Video Audience Activation,aud_1005,Similar Audience - Purchasers,Video,Northstar Retail,927619,5759,12249.48,0.62,13.21,2.13,419,2024-11-29,dv360
78000002,Evergreen Prospecting - Gift Guide Connected TV,88000015,Connected TV Audience Activation,aud_1006,Demographic - Parents,Connected TV,Northstar Retail,902546,55861,23137.38,6.19,25.64,0.41,2921,2024-11-30,dv360
78000002,Evergreen High Intent - Broad Display,88000016,Display Audience Activation,aud_1001,In-market - Apparel & Accessories,Display,Northstar Retail,530384,25608,18627.40,4.83,35.12,0.73,248,2024-11-01,dv360
78000002,Evergreen Lookalike - Gift Guide Display,88000016,Display Audience Activation,aud_1002,Affinity - Fashionistas,Display,Northstar Retail,551714,25319,5508.46,4.59,9.98,0.22,342,2024-11-02,dv360
78000002,Evergreen Cart Abandoners - Gift Guide Video,88000017,Video Audience Activation,aud_1003,Custom Intent - Holiday Deals,Video,Northstar Retail,401197,10410,13091.60,2.59,32.63,1.26,608,2024-11-03,dv360
78000002,Loyalty Cart Abandoners - Core Terms Video,88000017,Video Audience Activation,aud_1004,Remarketing - Site Visitors 30d,Video,Northstar Retail,680578,22841,33226.23,3.36,48.82,1.45,446,2024-11-04,dv360
78000002,New Arrivals Retargeting - Promo Push Display,88000018,Display Audience Activation,aud_1005,Similar Audience - Purchasers,Display,Northstar Retail,912330,31096,39411.98,3.41,43.20,1.27,2113,2024-11-05,dv360
78000002,Cyber Week Retargeting - Broad Connected TV,88000018,Connected TV Audience Activation,aud_1006,Demographic - Parents,Connected TV,Northstar Retail,684134,5054,14000.42,0.74,20.46,2.77,115,2024-11-06,dv360
78000002,Evergreen Retargeting - Top Sellers Display,88000019,Display Audience Activation,aud_1001,In-market - Apparel & Accessories,Display,Northstar Retail,745515,17303,12731.75,2.32,17.08,0.74,1171,2024-11-07,dv360
78000002,Evergreen High Intent - Value Props Display,88000019,Display Audience Activation,aud_1002,Affinity - Fashionistas,Display,Northstar Retail,101529,3258,1241.22,3.21,12.23,0.38,243,2024-11-08,dv360
78000002,Evergreen Lapsed Customers - Promo Push Display,88000020,Display Audience Activation,aud_1003,Custom Intent - Holiday Deals,Display,Northstar Retail,413781,2967,12495.69,0.72,30.20,4.21,96,2024-11-09,dv360
78000002,Black Friday Retargeting - Top Sellers Display,88000020,Display Audience Activation,aud_1004,Remarketing - Site Visitors 30d,Display,Northstar Retail,197025,2255,4629.95,1.14,23.50,2.05,175,2024-11-10,dv360
78000003,Evergreen Cart Abandoners - Value Props Video,88000021,Video Audience Activation,aud_1005,Similar Audience - Purchasers,Video,Northstar Retail,84007,2493,3410.34,2.97,40.60,1.37,80,2024-11-11,dv360
78000003,Evergreen High Intent - Broad Video,88000021,Video Audience Activation,aud_1006,Demographic - Parents,Video,Northstar Retail,819607,19333,22493.53,2.36,27.44,1.16,1336,2024-11-12,dv360
78000003,New Arrivals Lookalike - Gift Guide Display,88000022,Display Audience Activation,aud_1001,In-market - Apparel & Accessories,Display,Northstar Retail,703952,3148,30097.70,0.45,42.76,9.56,185,2024-11-13,dv360
78000003,Black Friday Prospecting - Top Sellers Connected TV,88000022,Connected TV Audience Activation,aud_1002,Affinity - Fashionistas,Connected TV,Northstar Retail,623294,27743,29137.20,4.45,46.75,1.05,1553,2024-11-14,dv360
78000003,Holiday Retargeting - Broad Video,88000023,Video Audience Activation,aud_1003,Custom Intent - Holiday Deals,Video,Northstar Retail,235519,641,5116.70,0.27,21.73,7.98,6,2024-11-15,dv360
78000003,Loyalty Lapsed Customers - Broad Video,88000023,Video Audience Activation,aud_1004,Remarketing - Site Visitors 30d,Video,Northstar Retail,15609,98,430.87,0.63,27.60,4.40,4,2024-11-16,dv360
78000003,Holiday High Intent - Core Terms Display,88000024,Display Audience Activation,aud_1005,Similar Audience - Purchasers,Display,Northstar Retail,305257,8605,13275.38,2.82,43.49,1.54,286,2024-11-17,dv360
78000003,Cyber Week Lookalike - Top Sellers Video,88000024,Video Audience Activation,aud_1006,Demographic - Parents,Video,Northstar Retail,148176,8733,4331.13,5.89,29.23,0.50,406,2024-11-18,dv360
78000003,Evergreen Cart Abandoners - Promo Push Connected TV,88000025,Connected TV Audience Activation,aud_1001,In-market - Apparel & Accessories,Connected TV,Northstar Retail,652492,41748,35811.46,6.40,54.88,0.86,2827,2024-11-19,dv360
78000003,Loyalty Retargeting - Promo Push Video,88000025,Video Audience Activation,aud_1002,Affinity - Fashionistas,Video,Northstar Retail,361707,6458,17292.65,1.79,47.81,2.68,74,2024-11-20,dv360
78000003,Evergreen Lookalike - Core Terms Video,88000026,Video Audience Activation,aud_1003,Custom Intent - Holiday Deals,Video,Northstar Retail,460217,29130,13377.55,6.33,29.07,0.46,1746,2024-11-21,dv360
78000003,Black Friday Lapsed Customers - Top Sellers Connected TV,88000026,Connected TV Audience Activation,aud_1004,Remarketing - Site Visitors 30d,Connected TV,Northstar Retail,422990,4336,23069.25,1.03,54.54,5.32,137,2024-11-22,dv360
78000003,Loyalty Lapsed Customers - Value Props Display,88000027,Display Audience Activation,aud_1005,Similar Audience - Purchasers,Display,Northstar Retail,720978,55301,6793.95,7.67,9.42,0.12,3569,2024-11-23,dv360
78000003,New Arrivals Prospecting - Value Props Connected TV,88000027,Connected TV Audience Activation,aud_1006,Demographic - Parents,Connected TV,Northstar Retail,778526,15893,21195.70,2.04,27.23,1.33,303,2024-11-24,dv360
78000003,Loyalty Lapsed Customers - Promo Push Display,88000028,Display Audience Activation,aud_1001,In-market - Apparel & Accessories,Display,Northstar Retail,837479,15630,33145.92,1.87,39.58,2.12,140,2024-11-25,dv360
78000003,Evergreen Lapsed Customers - Value Props Connected TV,88000028,Connected TV Audience Activation,aud_1002,Affinity - Fashionistas,Connected TV,Northstar Retail,902029,57617,41013.58,6.39,45.47,0.71,629,2024-11-26,dv360
78000003,Loyalty Cart Abandoners - Gift Guide Display,88000029,Display Audience Activation,aud_1003,Custom Intent - Holiday Deals,Display,Northstar Retail,424811,10336,20605.73,2.43,48.51,1.99,353,2024-11-27,dv360
78000003,Evergreen Lookalike - Core Terms Connected TV,88000029,Connected TV Audience Activation,aud_1004,Remarketing - Site Visitors 30d,Connected TV,Northstar Retail,370519,1705,12472.20,0.46,33.66,7.32,72,2024-11-28,dv360
78000003,Cyber Week Cart Abandoners - Top Sellers Connected TV,88000030,Connected TV Audience Activation,aud_1005,Similar Audience - Purchasers,Connected TV,Northstar Retail,876800,16885,45231.18,1.93,51.59,2.68,811,2024-11-29,dv360
78000003,Black Friday Retargeting - Broad Connected TV,88000030,Connected TV Audience Activation,aud_1006,Demographic - Parents,Connected TV,Northstar Retail,618317,34112,30615.25,5.52,49.51,0.90,2313,2024-11-30,dv360
78000004,Black Friday Retargeting - Top Sellers Connected TV,88000031,Connected TV Audience Activation,aud_1001,In-market - Apparel & Accessories,Connected TV,Northstar Retail,825115,12972,42513.19,1.57,51.52,3.28,272,2024-11-01,dv360
78000004,Holiday Cart Abandoners - Gift Guide Video,88000031,Video Audience Activation,aud_1002,Affinity - Fashionistas,Video,Northstar Retail,589242,24054,20532.48,4.08,34.85,0.85,1035,2024-11-02,dv360
78000004,Loyalty Prospecting - Top Sellers Video,88000032,Video Audience Activation,aud_1003,Custom Intent - Holiday Deals,Video,Northstar Retail,518254,29066,13495.42,5.61,26.04,0.46,2086,2024-11-03,dv360
78000004,Loyalty Retargeting - Broad Connected TV,88000032,Connected TV Audience Activation,aud_1004,Remarketing - Site Visitors 30d,Connected TV,Northstar Retail,613350,42315,28338.53,6.90,46.20,0.67,1423,2024-11-04,dv360
78000004,Cyber Week High Intent - Broad Display,88000033,Display Audience Activation,aud_1005,Similar Audience - Purchasers,Display,Northstar Retail,401001,16508,4666.19,4.12,11.64,0.28,790,2024-11-05,dv360
78000004,Holiday Lookalike - Value Props Video,88000033,Video Audience Activation,aud_1006,Demographic - Parents,Video,Northstar Retail,355820,12559,3220.46,3.53,9.05,0.26,746,2024-11-06,dv360
78000004,New Arrivals Cart Abandoners - Gift Guide Connected TV,88000034,Connected TV Audience Activation,aud_1001,In-market - Apparel & Accessories,Connected TV,Northstar Retail,547783,19578,4252.85,3.57,7.76,0.22,292,2024-11-07,dv360
78000004,Evergreen Prospecting - Value Props Connected TV,88000034,Connected TV Audience Activation,aud_1002,Affinity - Fashionistas,Connected TV,Northstar Retail,427335,30518,12978.14,7.14,30.37,0.43,1266,2024-11-08,dv360
78000004,Black Friday High Intent - Core Terms Video,88000035,Video Audience Activation,aud_1003,Custom Intent - Holiday Deals,Video,Northstar Retail,581822,3736,13546.50,0.64,23.28,3.63,213,2024-11-09,dv360
78000004,Cyber Week Lapsed Customers - Promo Push Video,88000035,Video Audience Activation,aud_1004,Remarketing - Site Visitors 30d,Video,Northstar Retail,614108,25079,13366.38,4.08,21.77,0.53,1030,2024-11-10,dv360
78000004,Cyber Week High Intent - Promo Push Connected TV,88000036,Connected TV Audience Activation,aud_1005,Similar Audience - Purchasers,Connected TV,Northstar Retail,27465,82,221.15,0.30,8.05,2.70,4,2024-11-11,dv360
78000004,Black Friday Lapsed Customers - Core Terms Video,88000036,Video Audience Activation,aud_1006,Demographic - Parents,Video,Northstar Retail,267684,9762,12743.56,3.65,47.61,1.31,726,2024-11-12,dv360
78000004,Black Friday High Intent - Core Terms Connected TV,88000037,Connected TV Audience Activation,aud_1001,In-market - Apparel & Accessories,Connected TV,Northstar Retail,504696,27794,14975.20,5.51,29.67,0.54,224,2024-11-13,dv360
78000004,Evergreen Prospecting - Top Sellers Display,88000037,Display Audience Activation,aud_1002,Affinity - Fashionistas,Display,Northstar Retail,565284,14033,14473.43,2.48,25.60,1.03,490,2024-11-14,dv360
78000004,Holiday Lookalike - Broad Video,88000038,Video Audience Activation,aud_1003,Custom Intent - Holiday Deals,Video,Northstar Retail,437571,22852,15372.42,5.22,35.13,0.67,604,2024-11-15,dv360
78000004,Cyber Week Prospecting - Broad Connected TV,88000038,Connected TV Audience Activation,aud_1004,Remarketing - Site Visitors 30d,Connected TV,Northstar Retail,274241,13539,14508.58,4.94,52.90,1.07,995,2024-11-16,dv360
78000004,Black Friday Lapsed Customers - Promo Push Display,88000039,Display Audience Activation,aud_1005,Similar Audience - Purchasers,Display,Northstar Retail,537621,20390,14004.11,3.79,26.05,0.69,784,2024-11-17,dv360
78000004,Holiday Prospecting - Gift Guide Connected TV,88000039,Connected TV Audience Activation,aud_1006,Demographic - Parents,Connected TV,Northstar Retail,664597,3476,10075.52,0.52,15.16,2.90,80,2024-11-18,dv360
78000004,New Arrivals Lapsed Customers - Value Props Display,88000040,Display Audience Activation,aud_1001,In-market - Apparel & Accessories,Display,Northstar Retail,395952,7146,19679.18,1.80,49.70,2.75,527,2024-11-19,dv360
78000004,Holiday Cart Abandoners - Promo Push Connected TV,88000040,Connected TV Audience Activation,aud_1002,Affinity - Fashionistas,Connected TV,Northstar Retail,60589,1104,2114.04,1.82,34.89,1.91,16,2024-11-20,dv360
78000005,Evergreen Lapsed Customers - Broad Video,88000041,Video Audience Activation,aud_1003,Custom Intent - Holiday Deals,Video,Northstar Retail,898258,55495,44305.18,6.18,49.32,0.80,2743,2024-11-21,dv360
78000005,Holiday Lapsed Customers - Top Sellers Connected TV,88000041,Connected TV Audience Activation,aud_1004,Remarketing - Site Visitors 30d,Connected TV,Northstar Retail,737284,19623,12263.48,2.66,16.63,0.62,956,2024-11-22,dv360
78000005,Evergreen Prospecting - Promo Push Display,88000042,Display Audience Activation,aud_1005,Similar Audience - Purchasers,Display,Northstar Retail,29280,1173,303.75,4.01,10.37,0.26,88,2024-11-23,dv360
78000005,New Arrivals Retargeting - Value Props Video,88000042,Video Audience Activation,aud_1006,Demographic - Parents,Video,Northstar Retail,208636,11072,7830.33,5.31,37.53,0.71,420,2024-11-24,dv360
78000005,Loyalty High Intent - Core Terms Display,88000043,Display Audience Activation,aud_1001,In-market - Apparel & Accessories,Display,Northstar Retail,276232,18648,5838.38,6.75,21.14,0.31,207,2024-11-25,dv360
78000005,Evergreen Lookalike - Value Props Display,88000043,Display Audience Activation,aud_1002,Affinity - Fashionistas,Display,Northstar Retail,603174,38741,31295.05,6.42,51.88,0.81,2477,2024-11-26,dv360
78000005,Black Friday High Intent - Core Terms Display,88000044,Display Audience Activation,aud_1003,Custom Intent - Holiday Deals,Display,Northstar Retail,296866,2687,10715.43,0.91,36.10,3.99,46,2024-11-27,dv360
78000005,Holiday Lapsed Customers - Top Sellers Display,88000044,Display Audience Activation,aud_1004,Remarketing - Site Visitors 30d,Display,Northstar Retail,674595,32189,31833.06,4.77,47.19,0.99,1433,2024-11-28,dv360
78000005,Black Friday High Intent - Promo Push Video,88000045,Video Audience Activation,aud_1005,Similar Audience - Purchasers,Video,Northstar Retail,251287,8510,12588.33,3.39,50.10,1.48,321,2024-11-29,dv360
78000005,Holiday High Intent - Gift Guide Connected TV,88000045,Connected TV Audience Activation,aud_1006,Demographic - Parents,Connected TV,Northstar Retail,589635,32162,13234.63,5.45,22.45,0.41,1809,2024-11-30,dv360
78000005,Loyalty Lookalike - Broad Display,88000046,Display Audience Activation,aud_1001,In-market - Apparel & Accessories,Display,Northstar Retail,682596,15057,18054.04,2.21,26.45,1.20,1095,2024-11-01,dv360
78000005,Black Friday High Intent - Gift Guide Connected TV,88000046,Connected TV Audience Activation,aud_1002,Affinity - Fashionistas,Connected TV,Northstar Retail,178903,4569,6880.17,2.55,38.46,1.51,180,2024-11-02,dv360
78000005,New Arrivals Prospecting - Broad Display,88000047,Display Audience Activation,aud_1003,Custom Intent - Holiday Deals,Display,Northstar Retail,130588,4625,5507.83,3.54,42.18,1.19,331,2024-11-03,dv360
78000005,Loyalty Cart Abandoners - Broad Connected TV,88000047,Connected TV Audience Activation,aud_1004,Remarketing - Site Visitors 30d,Connected TV,Northstar Retail,295080,8025,15708.91,2.72,53.24,1.96,117,2024-11-04,dv360
78000005,Loyalty Lookalike - Promo Push Video,88000048,Video Audience Activation,aud_1005,Similar Audience - Purchasers,Video,Northstar Retail,565020,16537,15960.83,2.93,28.25,0.97,1244,2024-11-05,dv360
78000005,Cyber Week Lapsed Customers - Broad Video,88000048,Video Audience Activation,aud_1006,Demographic - Parents,Video,Northstar Retail,478184,10782,15720.69,2.25,32.88,1.46,431,2024-11-06,dv360
78000005,Loyalty Lookalike - Value Props Display,88000049,Display Audience Activation,aud_1001,In-market - Apparel & Accessories,Display,Northstar Retail,631833,15519,22856.66,2.46,36.18,1.47,983,2024-11-07,dv360
78000005,New Arrivals Lapsed Customers - Promo Push Connected TV,88000049,Connected TV Audience Activation,aud_1002,Affinity - Fashionistas,Connected TV,Northstar Retail,821713,41507,35850.57,5.05,43.63,0.86,2546,2024-11-08,dv360
78000005,Black Friday Lapsed Customers - Promo Push Video,88000050,Video Audience Activation,aud_1003,Custom Intent - Holiday Deals,Video,Northstar Retail,658007,24827,29806.23,3.77,45.30,1.20,1382,2024-11-09,dv360
78000005,New Arrivals Lapsed Customers - Broad Video,88000050,Video Audience Activation,aud_1004,Remarketing - Site Visitors 30d,Video,Northstar Retail,92900,2932,797.75,3.16,8.59,0.27,58,2024-11-10,dv360
78000006,Loyalty Retargeting - Core Terms Display,88000051,Display Audience Activation,aud_1005,Similar Audience - Purchasers,Display,Northstar Retail,642940,29427,20206.91,4.58,31.43,0.69,1610,2024-11-11,dv360
78000006,Evergreen Lookalike - Value Props Connected TV,88000051,Connected TV Audience Activation,aud_1006,Demographic - Parents,Connected TV,Northstar Retail,341026,5331,7383.04,1.56,21.65,1.38,378,2024-11-12,dv360
78000006,New Arrivals Lapsed Customers - Gift Guide Display,88000052,Display Audience Activation,aud_1001,In-market - Apparel & Accessories,Display,Northstar Retail,158002,12043,7151.24,7.62,45.26,0.59,401,2024-11-13,dv360
78000006,Loyalty High Intent - Core Terms Display,88000052,Display Audience Activation,aud_1002,Affinity - Fashionistas,Display,Northstar Retail,320208,5408,6600.39,1.69,20.61,1.22,154,2024-11-14,dv360
78000006,Loyalty Lookalike - Value Props Display,88000053,Display Audience Activation,aud_1003,Custom Intent - Holiday Deals,Display,Northstar Retail,847766,4991,9439.11,0.59,11.13,1.89,96,2024-11-15,dv360
78000006,Loyalty Prospecting - Gift Guide Video,88000053,Video Audience Activation,aud_1004,Remarketing - Site Visitors 30d,Video,Northstar Retail,911516,60798,19360.59,6.67,21.24,0.32,1387,2024-11-16,dv360
78000006,Cyber Week Cart Abandoners - Gift Guide Connected TV,88000054,Connected TV Audience Activation,aud_1005,Similar Audience - Purchasers,Connected TV,Northstar Retail,493616,2484,24573.43,0.50,49.78,9.89,145,2024-11-17,dv360
78000006,Black Friday Lookalike - Promo Push Display,88000054,Display Audience Activation,aud_1006,Demographic - Parents,Display,Northstar Retail,705613,22487,26127.55,3.19,37.03,1.16,1722,2024-11-18,dv360
78000006,New Arrivals High Intent - Gift Guide Display,88000055,Display Audience Activation,aud_1001,In-market - Apparel & Accessories,Display,Northstar Retail,357464,7455,6823.50,2.09,19.09,0.92,498,2024-11-19,dv360
78000006,Black Friday Lapsed Customers - Promo Push Display,88000055,Display Audience Activation,aud_1002,Affinity - Fashionistas,Display,Northstar Retail,782205,51134,12203.97,6.54,15.60,0.24,423,2024-11-20,dv360
78000006,Evergreen Lapsed Customers - Gift Guide Connected TV,88000056,Connected TV Audience Activation,aud_1003,Custom Intent - Holiday Deals,Connected TV,Northstar Retail,424965,5742,11697.11,1.35,27.52,2.04,309,2024-11-21,dv360
78000006,Loyalty Cart Abandoners - Gift Guide Display,88000056,Display Audience Activation,aud_1004,Remarketing - Site Visitors 30d,Display,Northstar Retail,571531,11616,13098.23,2.03,22.92,1.13,580,2024-11-22,dv360
78000006,Cyber Week Lapsed Customers - Value Props Display,88000057,Display Audience Activation,aud_1005,Similar Audience - Purchasers,Display,Northstar Retail,490575,13969,10177.09,2.85,20.75,0.73,261,2024-11-23,dv360
78000006,Cyber Week Lapsed Customers - Broad Display,88000057,Display Audience Activation,aud_1006,Demographic - Parents,Display,Northstar Retail,946544,61780,17725.78,6.53,18.73,0.29,3236,2024-11-24,dv360
78000006,Evergreen High Intent - Broad Connected TV,88000058,Connected TV Audience Activation,aud_1001,In-market - Apparel & Accessories,Connected TV,Northstar Retail,395792,16334,15932.07,4.13,40.25,0.98,1083,2024-11-25,dv360
78000006,Cyber Week Cart Abandoners - Core Terms Video,88000058,Video Audience Activation,aud_1002,Affinity - Fashionistas,Video,Northstar Retail,933258,39496,27184.30,4.23,29.13,0.69,1291,2024-11-26,dv360
78000006,Evergreen Lookalike - Top Sellers Connected TV,88000059,Connected TV Audience Activation,aud_1003,Custom Intent - Holiday Deals,Connected TV,Northstar Retail,565568,38670,5122.70,6.84,9.06,0.13,1563,2024-11-27,dv360
78000006,Holiday Lapsed Customers - Value Props Video,88000059,Video Audience Activation,aud_1004,Remarketing - Site Visitors 30d,Video,Northstar Retail,107465,5974,884.13,5.56,8.23,0.15,251,2024-11-28,dv360
78000006,Black Friday High Intent - Promo Push Video,88000060,Video Audience Activation,aud_1005,Similar Audience - Purchasers,Video,Northstar Retail,757719,56069,27435.27,7.40,36.21,0.49,3339,2024-11-29,dv360
78000006,Holiday Lapsed Customers - Value Props Connected TV,88000060,Connected TV Audience Activation,aud_1006,Demographic - Parents,Connected TV,Northstar Retail,701867,18830,35226.74,2.68,50.19,1.87,619,2024-11-30,dv360
78000007,New Arrivals Retargeting - Core Terms Connected TV,88000061,Connected TV Audience Activation,aud_1001,In-market - Apparel & Accessories,Connected TV,Northstar Retail,84216,2468,2258.90,2.93,26.82,0.92,144,2024-11-01,dv360
78000007,New Arrivals Cart Abandoners - Gift Guide Video,88000061,Video Audience Activation,aud_1002,Affinity - Fashionistas,Video,Northstar Retail,21143,1532,642.95,7.25,30.41,0.42,79,2024-11-02,dv360
78000007,Holiday Lapsed Customers - Broad Connected TV,88000062,Connected TV Audience Activation,aud_1003,Custom Intent - Holiday Deals,Connected TV,Northstar Retail,761875,52694,31458.20,6.92,41.29,0.60,2077,2024-11-03,dv360
78000007,Holiday High Intent - Core Terms Connected TV,88000062,Connected TV Audience Activation,aud_1004,Remarketing - Site Visitors 30d,Connected TV,Northstar Retail,114714,928,2771.75,0.81,24.16,2.99,37,2024-11-04,dv360
78000007,Cyber Week Lookalike - Gift Guide Connected TV,88000063,Connected TV Audience Activation,aud_1005,Similar Audience - Purchasers,Connected TV,Northstar Retail,591248,35784,11869.70,6.05,20.08,0.33,2052,2024-11-05,dv360
78000007,Black Friday High Intent - Core Terms Display,88000063,Display Audience Activation,aud_1006,Demographic - Parents,Display,Northstar Retail,311912,23514,11989.48,7.54,38.44,0.51,1808,2024-11-06,dv360
78000007,Cyber Week Retargeting - Gift Guide Display,88000064,Display Audience Activation,aud_1001,In-market - Apparel & Accessories,Display,Northstar Retail,289077,2621,15304.84,0.91,52.94,5.84,39,2024-11-07,dv360
78000007,Holiday Lookalike - Promo Push Display,88000064,Display Audience Activation,aud_1002,Affinity - Fashionistas,Display,Northstar Retail,173901,6719,8877.56,3.86,51.05,1.32,307,2024-11-08,dv360
78000007,Loyalty Lookalike - Promo Push Connected TV,88000065,Connected TV Audience Activation,aud_1003,Custom Intent - Holiday Deals,Connected TV,Northstar Retail,386396,12505,19355.46,3.24,50.09,1.55,821,2024-11-09,dv360
78000007,Evergreen Retargeting - Gift Guide Display,88000065,Display Audience Activation,aud_1004,Remarketing - Site Visitors 30d,Display,Northstar Retail,285101,11616,15059.22,4.07,52.82,1.30,113,2024-11-10,dv360
78000007,Holiday Cart Abandoners - Core Terms Connected TV,88000066,Connected TV Audience Activation,aud_1005,Similar Audience - Purchasers,Connected TV,Northstar Retail,271292,15969,12619.65,5.89,46.52,0.79,458,2024-11-11,dv360
78000007,Black Friday Cart Abandoners - Value Props Video,88000066,Video Audience Activation,aud_1006,Demographic - Parents,Video,Northstar Retail,754335,46963,11182.76,6.23,14.82,0.24,2251,2024-11-12,dv360
78000007,Holiday Lapsed Customers - Top Sellers Connected TV,88000067,Connected TV Audience Activation,aud_1001,In-market - Apparel & Accessories,Connected TV,Northstar Retail,617539,4067,31080.09,0.66,50.33,7.64,173,2024-11-13,dv360
78000007,Evergreen Lookalike - Broad Connected TV,88000067,Connected TV Audience Activation,aud_1002,Affinity - Fashionistas,Connected TV,Northstar Retail,844310,33811,25606.84,4.00,30.33,0.76,1439,2024-11-14,dv360
78000007,Evergreen High Intent - Promo Push Video,88000068,Video Audience Activation,aud_1003,Custom Intent - Holiday Deals,Video,Northstar Retail,459916,7178,13443.45,1.56,29.23,1.87,197,2024-11-15,dv360
78000007,Black Friday Prospecting - Promo Push Connected TV,88000068,Connected TV Audience Activation,aud_1004,Remarketing - Site Visitors 30d,Connected TV,Northstar Retail,355711,24598,18875.94,6.92,53.07,0.77,1384,2024-11-16,dv360
78000007,Loyalty Prospecting - Gift Guide Video,88000069,Video Audience Activation,aud_1005,Similar Audience - Purchasers,Video,Northstar Retail,351727,15446,14365.39,4.39,40.84,0.93,999,2024-11-17,dv360
78000007,Black Friday High Intent - Promo Push Connected TV,88000069,Connected TV Audience Activation,aud_1006,Demographic - Parents,Connected TV,Northstar Retail,357095,19028,17215.06,5.33,48.21,0.90,874,2024-11-18,dv360
78000007,Evergreen Retargeting - Top Sellers Connected TV,88000070,Connected TV Audience Activation,aud_1001,In-market - Apparel & Accessories,Connected TV,Northstar Retail,607838,12515,14411.48,2.06,23.71,1.15,488,2024-11-19,dv360
78000007,Loyalty High Intent - Value Props Display,88000070,Display Audience Activation,aud_1002,Affinity - Fashionistas,Display,Northstar Retail,674383,16269,29232.44,2.41,43.35,1.80,392,2024-11-20,dv360
78000008,Evergreen Prospecting - Top Sellers Display,88000071,Display Audience Activation,aud_1003,Custom Intent - Holiday Deals,Display,Northstar Retail,490706,9944,7636.87,2.03,15.56,0.77,390,2024-11-21,dv360
78000008,Black Friday Cart Abandoners - Top Sellers Display,88000071,Display Audience Activation,aud_1004,Remarketing - Site Visitors 30d,Display,Northstar Retail,708257,4921,27448.28,0.69,38.75,5.58,104,2024-11-22,dv360
78000008,New Arrivals High Intent - Top Sellers Display,88000072,Display Audience Activation,aud_1005,Similar Audience - Purchasers,Display,Northstar Retail,553028,14716,4187.79,2.66,7.57,0.28,743,2024-11-23,dv360
78000008,New Arrivals Retargeting - Broad Connected TV,88000072,Connected TV Audience Activation,aud_1006,Demographic - Parents,Connected TV,Northstar Retail,292824,15840,13302.34,5.41,45.43,0.84,382,2024-11-24,dv360
78000008,Cyber Week Lapsed Customers - Promo Push Connected TV,88000073,Connected TV Audience Activation,aud_1001,In-market - Apparel & Accessories,Connected TV,Northstar Retail,394527,12844,13640.28,3.26,34.57,1.06,732,2024-11-25,dv360
78000008,Cyber Week Prospecting - Value Props Connected TV,88000073,Connected TV Audience Activation,aud_1002,Affinity - Fashionistas,Connected TV,Northstar Retail,430979,7583,13972.86,1.76,32.42,1.84,223,2024-11-26,dv360
78000008,Loyalty Cart Abandoners - Core Terms Connected TV,88000074,Connected TV Audience Activation,aud_1003,Custom Intent - Holiday Deals,Connected TV,Northstar Retail,158012,9833,4220.62,6.22,26.71,0.43,233,2024-11-27,dv360
78000008,Evergreen High Intent - Core Terms Connected TV,88000074,Connected TV Audience Activation,aud_1004,Remarketing - Site Visitors 30d,Connected TV,Northstar Retail,907423,33213,38457.81,3.66,42.38,1.16,1825,2024-11-28,dv360
78000008,New Arrivals Retargeting - Gift Guide Video,88000075,Video Audience Activation,aud_1005,Similar Audience - Purchasers,Video,Northstar Retail,837084,6484,21883.47,0.77,26.14,3.37,254,2024-11-29,dv360
78000008,New Arrivals Lookalike - Value Props Display,88000075,Display Audience Activation,aud_1006,Demographic - Parents,Display,Northstar Retail,712554,45526,36742.72,6.39,51.56,0.81,2018,2024-11-30,dv360
78000008,New Arrivals High Intent - Core Terms Connected TV,88000076,Connected TV Audience Activation,aud_1001,In-market - Apparel & Accessories,Connected TV,Northstar Retail,323498,20987,9279.20,6.49,28.68,0.44,1221,2024-11-01,dv360
78000008,Holiday Cart Abandoners - Promo Push Display,88000076,Display Audience Activation,aud_1002,Affinity - Fashionistas,Display,Northstar Retail,936251,32071,29598.33,3.43,31.61,0.92,1459,2024-11-02,dv360
78000008,Holiday Prospecting - Promo Push Connected TV,88000077,Connected TV Audience Activation,aud_1003,Custom Intent - Holiday Deals,Connected TV,Northstar Retail,185860,1893,3111.96,1.02,16.74,1.64,30,2024-11-03,dv360
78000008,Evergreen Lookalike - Broad Display,88000077,Display Audience Activation,aud_1004,Remarketing - Site Visitors 30d,Display,Northstar Retail,49399,1376,2191.93,2.78,44.37,1.59,38,2024-11-04,dv360
78000008,Loyalty Cart Abandoners - Broad Connected TV,88000078,Connected TV Audience Activation,aud_1005,Similar Audience - Purchasers,Connected TV,Northstar Retail,551453,26492,11987.55,4.80,21.74,0.45,769,2024-11-05,dv360
78000008,New Arrivals Prospecting - Broad Display,88000078,Display Audience Activation,aud_1006,Demographic - Parents,Display,Northstar Retail,107342,7673,1009.63,7.15,9.41,0.13,138,2024-11-06,dv360
78000008,Holiday Lookalike - Broad Connected TV,88000079,Connected TV Audience Activation,aud_1001,In-market - Apparel & Accessories,Connected TV,Northstar Retail,305090,9057,4084.09,2.97,13.39,0.45,204,2024-11-07,dv360
78000008,Evergreen Cart Abandoners - Broad Connected TV,88000079,Connected TV Audience Activation,aud_1002,Affinity - Fashionistas,Connected TV,Northstar Retail,121480,6381,5826.99,5.25,47.97,0.91,209,2024-11-08,dv360
78000008,Loyalty High Intent - Gift Guide Connected TV,88000080,Connected TV Audience Activation,aud_1003,Custom Intent - Holiday Deals,Connected TV,Northstar Retail,884701,57537,47746.93,6.50,53.97,0.83,3800,2024-11-09,dv360
78000008,Loyalty Lapsed Customers - Gift Guide Connected TV,88000080,Connected TV Audience Activation,aud_1004,Remarketing - Site Visitors 30d,Connected TV,Northstar Retail,159142,2938,3382.40,1.85,21.25,1.15,141,2024-11-10,dv360
78000009,Loyalty Lookalike - Core Terms Video,88000081,Video Audience Activation,aud_1005,Similar Audience - Purchasers,Video,Northstar Retail,268928,13854,13993.43,5.15,52.03,1.01,478,2024-11-11,dv360
78000009,New Arrivals High Intent - Promo Push Display,88000081,Display Audience Activation,aud_1006,Demographic - Parents,Display,Northstar Retail,658822,42310,11178.95,6.42,16.97,0.26,3279,2024-11-12,dv360
78000009,Loyalty Lapsed Customers - Gift Guide Connected TV,88000082,Connected TV Audience Activation,aud_1001,In-market - Apparel & Accessories,Connected TV,Northstar Retail,750444,37072,21096.36,4.94,28.11,0.57,1511,2024-11-13,dv360
78000009,Black Friday Retargeting - Value Props Display,88000082,Display Audience Activation,aud_1002,Affinity - Fashionistas,Display,Northstar Retail,661196,17824,29253.24,2.70,44.24,1.64,355,2024-11-14,dv360
78000009,Evergreen Lapsed Customers - Promo Push Connected TV,88000083,Connected TV Audience Activation,aud_1003,Custom Intent - Holiday Deals,Connected TV,Northstar Retail,153435,9636,5971.71,6.28,38.92,0.62,481,2024-11-15,dv360
78000009,Evergreen Retargeting - Broad Connected TV,88000083,Connected TV Audience Activation,aud_1004,Remarketing - Site Visitors 30d,Connected TV,Northstar Retail,948881,28176,16224.47,2.97,17.10,0.58,2166,2024-11-16,dv360
78000009,Holiday Prospecting - Core Terms Display,88000084,Display Audience Activation,aud_1005,Similar Audience - Purchasers,Display,Northstar Retail,401857,1032,19994.82,0.26,49.76,19.37,9,2024-11-17,dv360
78000009,Holiday Retargeting - Value Props Connected TV,88000084,Connected TV Audience Activation,aud_1006,Demographic - Parents,Connected TV,Northstar Retail,114940,1971,2127.49,1.71,18.51,1.08,121,2024-11-18,dv360
78000009,Cyber Week Lookalike - Broad Connected TV,88000085,Connected TV Audience Activation,aud_1001,In-market - Apparel & Accessories,Connected TV,Northstar Retail,608420,46577,23753.92,7.66,39.04,0.51,715,2024-11-19,dv360
78000009,Cyber Week Prospecting - Top Sellers Connected TV,88000085,Connected TV Audience Activation,aud_1002,Affinity - Fashionistas,Connected TV,Northstar Retail,602880,41072,27743.74,6.81,46.02,0.68,2569,2024-11-20,dv360
78000009,Black Friday Prospecting - Gift Guide Video,88000086,Video Audience Activation,aud_1003,Custom Intent - Holiday Deals,Video,Northstar Retail,916283,46975,47918.73,5.13,52.30,1.02,576,2024-11-21,dv360
78000009,Cyber Week Retargeting - Gift Guide Connected TV,88000086,Connected TV Audience Activation,aud_1004,Remarketing - Site Visitors 30d,Connected TV,Northstar Retail,96014,5443,3932.06,5.67,40.95,0.72,68,2024-11-22,dv360
78000009,Holiday Retargeting - Broad Connected TV,88000087,Connected TV Audience Activation,aud_1005,Similar Audience - Purchasers,Connected TV,Northstar Retail,808241,28071,33427.91,3.47,41.36,1.19,631,2024-11-23,dv360
78000009,Holiday Lookalike - Gift Guide Video,88000087,Video Audience Activation,aud_1006,Demographic - Parents,Video,Northstar Retail,394398,8968,20025.09,2.27,50.77,2.23,559,2024-11-24,dv360
78000009,Loyalty Prospecting - Top Sellers Display,88000088,Display Audience Activation,aud_1001,In-market - Apparel & Accessories,Display,Northstar Retail,94197,2092,2837.85,2.22,30.13,1.36,136,2024-11-25,dv360
78000009,Holiday Retargeting - Gift Guide Connected TV,88000088,Connected TV Audience Activation,aud_1002,Affinity - Fashionistas,Connected TV,Northstar Retail,159794,11444,4365.13,7.16,27.32,0.38,673,2024-11-26,dv360
78000009,Loyalty Retargeting - Value Props Display,88000089,Display Audience Activation,aud_1003,Custom Intent - Holiday Deals,Display,Northstar Retail,196111,740,8349.12,0.38,42.57,11.28,15,2024-11-27,dv360
78000009,Evergreen Cart Abandoners - Gift Guide Display,88000089,Display Audience Activation,aud_1004,Remarketing - Site Visitors 30d,Display,Northstar Retail,905705,48891,34617.07,5.40,38.22,0.71,3020,2024-11-28,dv360
78000009,Cyber Week Cart Abandoners - Promo Push Display,88000090,Display Audience Activation,aud_1005,Similar Audience - Purchasers,Display,Northstar Retail,539519,15456,17593.71,2.86,32.61,1.14,462,2024-11-29,dv360
78000009,New Arrivals High Intent - Promo Push Connected TV,88000090,Connected TV Audience Activation,aud_1006,Demographic - Parents,Connected TV,Northstar Retail,703619,32632,14195.21,4.64,20.17,0.44,1221,2024-11-30,dv360
78000010,Evergreen Cart Abandoners - Broad Display,88000091,Display Audience Activation,aud_1001,In-market - Apparel & Accessories,Display,Northstar Retail,53360,3759,860.01,7.05,16.12,0.23,226,2024-11-01,dv360
78000010,Holiday Lapsed Customers - Top Sellers Video,88000091,Video Audience Activation,aud_1002,Affinity - Fashionistas,Video,Northstar Retail,35519,1884,484.13,5.30,13.63,0.26,117,2024-11-02,dv360
78000010,Loyalty Prospecting - Gift Guide Video,88000092,Video Audience Activation,aud_1003,Custom Intent - Holiday Deals,Video,Northstar Retail,50683,3876,2639.64,7.65,52.08,0.68,97,2024-11-03,dv360
78000010,Evergreen Retargeting - Broad Video,88000092,Video Audience Activation,aud_1004,Remarketing - Site Visitors 30d,Video,Northstar Retail,270380,20695,5382.12,7.65,19.91,0.26,1137,2024-11-04,dv360
78000010,Cyber Week Lapsed Customers - Core Terms Video,88000093,Video Audience Activation,aud_1005,Similar Audience - Purchasers,Video,Northstar Retail,659365,25184,19289.19,3.82,29.25,0.77,1615,2024-11-05,dv360
78000010,Cyber Week High Intent - Value Props Display,88000093,Display Audience Activation,aud_1006,Demographic - Parents,Display,Northstar Retail,366701,23796,9631.55,6.49,26.27,0.40,1076,2024-11-06,dv360
78000010,Cyber Week Prospecting - Core Terms Video,88000094,Video Audience Activation,aud_1001,In-market - Apparel & Accessories,Video,Northstar Retail,78516,4278,2474.17,5.45,31.51,0.58,247,2024-11-07,dv360
78000010,Cyber Week Prospecting - Core Terms Connected TV,88000094,Connected TV Audience Activation,aud_1002,Affinity - Fashionistas,Connected TV,Northstar Retail,76181,1446,3393.66,1.90,44.55,2.35,65,2024-11-08,dv360
78000010,Evergreen Retargeting - Promo Push Display,88000095,Display Audience Activation,aud_1003,Custom Intent - Holiday Deals,Display,Northstar Retail,511167,3993,5122.28,0.78,10.02,1.28,50,2024-11-09,dv360
78000010,Loyalty Prospecting - Top Sellers Video,88000095,Video Audience Activation,aud_1004,Remarketing - Site Visitors 30d,Video,Northstar Retail,98143,6144,2292.37,6.26,23.36,0.37,341,2024-11-10,dv360
78000010,Holiday Lookalike - Value Props Display,88000096,Display Audience Activation,aud_1005,Similar Audience - Purchasers,Display,Northstar Retail,504042,8232,14160.99,1.63,28.09,1.72,221,2024-11-11,dv360
78000010,Loyalty Lookalike - Promo Push Video,88000096,Video Audience Activation,aud_1006,Demographic - Parents,Video,Northstar Retail,20642,875,838.84,4.24,40.64,0.96,18,2024-11-12,dv360
78000010,Holiday High Intent - Gift Guide Display,88000097,Display Audience Activation,aud_1001,In-market - Apparel & Accessories,Display,Northstar Retail,852950,62577,36180.53,7.34,42.42,0.58,4491,2024-11-13,dv360
78000010,Black Friday Prospecting - Promo Push Display,88000097,Display Audience Activation,aud_1002,Affinity - Fashionistas,Display,Northstar Retail,612666,37346,26921.24,6.10,43.94,0.72,2567,2024-11-14,dv360
78000010,New Arrivals High Intent - Top Sellers Connected TV,88000098,Connected TV Audience Activation,aud_1003,Custom Intent - Holiday Deals,Connected TV,Northstar Retail,419274,26596,10340.82,6.34,24.66,0.39,515,2024-11-15,dv360
78000010,Holiday Lapsed Customers - Gift Guide Video,88000098,Video Audience Activation,aud_1004,Remarketing - Site Visitors 30d,Video,Northstar Retail,58804,1056,2963.97,1.80,50.40,2.81,73,2024-11-16,dv360
78000010,Cyber Week High Intent - Gift Guide Video,88000099,Video Audience Activation,aud_1005,Similar Audience - Purchasers,Video,Northstar Retail,47544,3518,370.94,7.40,7.80,0.11,43,2024-11-17,dv360
78000010,Black Friday Retargeting - Promo Push Video,88000099,Video Audience Activation,aud_1006,Demographic - Parents,Video,Northstar Retail,939724,52869,49956.55,5.63,53.16,0.94,2567,2024-11-18,dv360
78000010,Loyalty Prospecting - Value Props Video,88000100,Video Audience Activation,aud_1001,In-market - Apparel & Accessories,Video,Northstar Retail,527277,4033,4769.00,0.76,9.04,1.18,167,2024-11-19,dv360
78000010,Cyber Week Retargeting - Top Sellers Video,88000100,Video Audience Activation,aud_1002,Affinity - Fashionistas,Video,Northstar Retail,569657,13540,13315.89,2.38,23.38,0.98,919,2024-11-20,dv360
78000011,Holiday Lookalike - Top Sellers Connected TV,88000101,Connected TV Audience Activation,aud_1003,Custom Intent - Holiday Deals,Connected TV,Northstar Retail,175121,6529,2886.42,3.73,16.48,0.44,328,2024-11-21,dv360
78000011,Holiday Lookalike - Top Sellers Display,88000101,Display Audience Activation,aud_1004,Remarketing - Site Visitors 30d,Display,Northstar Retail,181330,8881,4171.60,4.90,23.01,0.47,414,2024-11-22,dv360
78000011,Black Friday Prospecting - Value Props Video,88000102,Video Audience Activation,aud_1005,Similar Audience - Purchasers,Video,Northstar Retail,426344,11879,12016.09,2.79,28.18,1.01,164,2024-11-23,dv360
78000011,New Arrivals Lookalike - Core Terms Video,88000102,Video Audience Activation,aud_1006,Demographic - Parents,Video,Northstar Retail,477301,19670,19684.19,4.12,41.24,1.00,1014,2024-11-24,dv360
78000011,Holiday Lookalike - Promo Push Display,88000103,Display Audience Activation,aud_1001,In-market - Apparel & Accessories,Display,Northstar Retail,133271,3103,3873.75,2.33,29.07,1.25,33,2024-11-25,dv360
78000011,Holiday Prospecting - Value Props Video,88000103,Video Audience Activation,aud_1002,Affinity - Fashionistas,Video,Northstar Retail,296007,2909,6243.10,0.98,21.09,2.15,24,2024-11-26,dv360
78000011,Black Friday Cart Abandoners - Top Sellers Video,88000104,Video Audience Activation,aud_1003,Custom Intent - Holiday Deals,Video,Northstar Retail,593106,7770,28903.47,1.31,48.73,3.72,368,2024-11-27,dv360
78000011,Cyber Week Prospecting - Top Sellers Video,88000104,Video Audience Activation,aud_1004,Remarketing - Site Visitors 30d,Video,Northstar Retail,147120,4037,6360.82,2.74,43.24,1.58,75,2024-11-28,dv360
78000011,Black Friday Lookalike - Value Props Connected TV,88000105,Connected TV Audience Activation,aud_1005,Similar Audience - Purchasers,Connected TV,Northstar Retail,792574,33052,15352.37,4.17,19.37,0.46,531,2024-11-29,dv360
78000011,Cyber Week Lookalike - Value Props Connected TV,88000105,Connected TV Audience Activation,aud_1006,Demographic - Parents,Connected TV,Northstar Retail,400288,9623,19311.18,2.40,48.24,2.01,494,2024-11-30,dv360
78000011,Cyber Week Cart Abandoners - Broad Display,88000106,Display Audience Activation,aud_1001,In-market - Apparel & Accessories,Display,Northstar Retail,470688,24024,22214.76,5.10,47.20,0.92,583,2024-11-01,dv360
78000011,Holiday Cart Abandoners - Broad Display,88000106,Display Audience Activation,aud_1002,Affinity - Fashionistas,Display,Northstar Retail,25480,1124,1298.99,4.41,50.98,1.16,11,2024-11-02,dv360
78000011,New Arrivals Lookalike - Gift Guide Connected TV,88000107,Connected TV Audience Activation,aud_1003,Custom Intent - Holiday Deals,Connected TV,Northstar Retail,52828,1233,410.49,2.33,7.77,0.33,44,2024-11-03,dv360
78000011,Black Friday Prospecting - Value Props Display,88000107,Display Audience Activation,aud_1004,Remarketing - Site Visitors 30d,Display,Northstar Retail,370042,18852,16926.56,5.09,45.74,0.90,1446,2024-11-04,dv360
78000011,Loyalty Retargeting - Broad Connected TV,88000108,Connected TV Audience Activation,aud_1005,Similar Audience - Purchasers,Connected TV,Northstar Retail,356369,13774,18891.05,3.87,53.01,1.37,172,2024-11-05,dv360
78000011,Holiday Cart Abandoners - Top Sellers Display,88000108,Display Audience Activation,aud_1006,Demographic - Parents,Display,Northstar Retail,80938,4088,2925.01,5.05,36.14,0.72,123,2024-11-06,dv360
78000011,Holiday Lookalike - Gift Guide Video,88000109,Video Audience Activation,aud_1001,In-market - Apparel & Accessories,Video,Northstar Retail,175647,5094,3670.75,2.90,20.90,0.72,269,2024-11-07,dv360
78000011,Holiday Prospecting - Core Terms Connected TV,88000109,Connected TV Audience Activation,aud_1002,Affinity - Fashionistas,Connected TV,Northstar Retail,921249,53663,29242.22,5.83,31.74,0.54,1326,2024-11-08,dv360
78000011,Evergreen Prospecting - Promo Push Display,88000110,Display Audience Activation,aud_1003,Custom Intent - Holiday Deals,Display,Northstar Retail,417955,6876,10919.56,1.65,26.13,1.59,227,2024-11-09,dv360
78000011,New Arrivals High Intent - Core Terms Connected TV,88000110,Connected TV Audience Activation,aud_1004,Remarketing - Site Visitors 30d,Connected TV,Northstar Retail,921666,57478,20988.70,6.24,22.77,0.37,1108,2024-11-10,dv360
78000012,Black Friday Lookalike - Core Terms Video,88000111,Video Audience Activation,aud_1005,Similar Audience - Purchasers,Video,Northstar Retail,27102,1470,504.02,5.42,18.60,0.34,41,2024-11-11,dv360
78000012,Evergreen Lookalike - Gift Guide Display,88000111,Display Audience Activation,aud_1006,Demographic - Parents,Display,Northstar Retail,570675,22763,19754.91,3.99,34.62,0.87,681,2024-11-12,dv360
78000012,Loyalty Cart Abandoners - Broad Connected TV,88000112,Connected TV Audience Activation,aud_1001,In-market - Apparel & Accessories,Connected TV,Northstar Retail,367024,3300,19885.69,0.90,54.18,6.03,190,2024-11-13,dv360
78000012,Cyber Week Cart Abandoners - Gift Guide Connected TV,88000112,Connected TV Audience Activation,aud_1002,Affinity - Fashionistas,Connected TV,Northstar Retail,268659,9051,11261.91,3.37,41.92,1.24,201,2024-11-14,dv360
78000012,Cyber Week Retargeting - Top Sellers Connected TV,88000113,Connected TV Audience Activation,aud_1003,Custom Intent - Holiday Deals,Connected TV,Northstar Retail,302564,5019,8932.22,1.66,29.52,1.78,317,2024-11-15,dv360
78000012,Loyalty High Intent - Broad Display,88000113,Display Audience Activation,aud_1004,Remarketing - Site Visitors 30d,Display,Northstar Retail,174496,11152,8913.37,6.39,51.08,0.80,254,2024-11-16,dv360
78000012,New Arrivals Lapsed Customers - Promo Push Video,88000114,Video Audience Activation,aud_1005,Similar Audience - Purchasers,Video,Northstar Retail,239379,2960,5779.14,1.24,24.14,1.95,219,2024-11-17,dv360
78000012,Evergreen High Intent - Broad Display,88000114,Display Audience Activation,aud_1006,Demographic - Parents,Display,Northstar Retail,87607,3650,4716.89,4.17,53.84,1.29,243,2024-11-18,dv360
78000012,Cyber Week High Intent - Core Terms Video,88000115,Video Audience Activation,aud_1001,In-market - Apparel & Accessories,Video,Northstar Retail,377290,1072,19484.96,0.28,51.64,18.18,42,2024-11-19,dv360
78000012,New Arrivals High Intent - Core Terms Display,88000115,Display Audience Activation,aud_1002,Affinity - Fashionistas,Display,Northstar Retail,947514,26963,24645.15,2.85,26.01,0.91,539,2024-11-20,dv360
78000012,Loyalty Cart Abandoners - Core Terms Video,88000116,Video Audience Activation,aud_1003,Custom Intent - Holiday Deals,Video,Northstar Retail,732834,36219,23604.31,4.94,32.21,0.65,721,2024-11-21,dv360
78000012,Loyalty Lookalike - Broad Connected TV,88000116,Connected TV Audience Activation,aud_1004,Remarketing - Site Visitors 30d,Connected TV,Northstar Retail,163647,11568,8706.97,7.07,53.21,0.75,273,2024-11-22,dv360
78000012,Cyber Week Lapsed Customers - Top Sellers Connected TV,88000117,Connected TV Audience Activation,aud_1005,Similar Audience - Purchasers,Connected TV,Northstar Retail,948577,22844,21707.46,2.41,22.88,0.95,546,2024-11-23,dv360
78000012,New Arrivals Cart Abandoners - Broad Video,88000117,Video Audience Activation,aud_1006,Demographic - Parents,Video,Northstar Retail,518500,29384,19429.14,5.67,37.47,0.66,1605,2024-11-24,dv360
78000012,Evergreen Cart Abandoners - Gift Guide Display,88000118,Display Audience Activation,aud_1001,In-market - Apparel & Accessories,Display,Northstar Retail,654812,28937,15661.88,4.42,23.92,0.54,1810,2024-11-25,dv360
78000012,New Arrivals Prospecting - Gift Guide Connected TV,88000118,Connected TV Audience Activation,aud_1002,Affinity - Fashionistas,Connected TV,Northstar Retail,921308,64298,29722.66,6.98,32.26,0.46,2247,2024-11-26,dv360
78000012,Black Friday Lookalike - Promo Push Video,88000119,Video Audience Activation,aud_1003,Custom Intent - Holiday Deals,Video,Northstar Retail,459062,11824,10883.07,2.58,23.71,0.92,667,2024-11-27,dv360
78000012,Cyber Week Retargeting - Core Terms Display,88000119,Display Audience Activation,aud_1004,Remarketing - Site Visitors 30d,Display,Northstar Retail,720210,18854,26476.75,2.62,36.76,1.40,1121,2024-11-28,dv360
78000012,Evergreen Retargeting - Core Terms Display,88000120,Display Audience Activation,aud_1005,Similar Audience - Purchasers,Display,Northstar Retail,916896,41046,10458.85,4.48,11.41,0.25,1661,2024-11-29,dv360
78000012,New Arrivals Retargeting - Core Terms Display,88000120,Display Audience Activation,aud_1006,Demographic - Parents,Display,Northstar Retail,909962,40973,16673.73,4.50,18.32,0.41,1836,2024-11-30,dv360
